,Absorption Coefficient Listing,,Absorption Coefficients,,,,,,
Surface Type,Code,Description,125 Hz,250 Hz,500 Hz,1k Hz,2k Hz,4k Hz,
Ceilings,,Air,0.003,0.003,0.003,0.003,0.003,0.003,per m cube
Ceilings,0,No element selected,0,0,0,0,0,0,
Ceilings,1,Ceilings - Plaster on solid,0.04,0.04,0.05,0.04,0.05,,
Ceilings,2,Ceilings - Plaster on lath (Large a/s),0.15,0.1,0.06,0.04,0.05,,
Ceilings,3,Ceilings - Plaster on lath (small a/s),0.08,0.05,0.05,0.04,0.04,,
Ceilings,4,Ceilings - Concrete,0.02,0.02,0.03,0.03,0.04,,
Ceilings,5,Ceilings - Window - up to 4mm glass,0.2,0.1,0.08,0.05,0.05,,
Ceilings,6,Ceilings - Window - more than 6mm glass,0.07,0.04,0.02,0.02,0.02,,
Ceilings,7,Ceilings - Glazed tile or marble,0.02,0.02,0.02,0.02,0.02,,
Ceilings,8,Ceilings - Suspended acoustic tile (good),0.5,0.65,0.8,0.75,0.7,,
Ceilings,9,Ceilings - Suspended acoustic tile (poor),0.3,0.4,0.45,0.45,0.4,,
Ceilings,10,Ceilings - TAP Acoustimetal (tissue faced),1,0.7,0.85,0.9,0.8,,
Ceilings,11,Ceilings - TAP Acoustimetal (encapsulated),0.8,0.8,0.8,0.8,0.75,,
Ceilings,12,Ceilings - TAP Solitude needle perf,0.55,0.65,0.8,0.75,0.6,,
Ceilings,13,Ceilings - TAP Solitude fine fissured,0.6,0.6,0.65,0.7,0.65,,
Ceilings,14,Ceilings - TAP Solitude fissured,0.55,0.65,0.8,0.9,0.95,,
Ceilings,15,Ceilings - TAP Solitude 50mm rippled,0.5,0.5,0.5,0.55,0.6,,
Ceilings,16,Ceilings - OWA needle perforated,0.55,0.68,0.77,0.86,0.8,,
Ceilings,17,Ceilings - Armstrong Galaxie,0.29,0.49,0.68,0.87,0.91,,
Ceilings,18,Ceilings - Armstrong Supralook Finesse,0.19,0.42,0.57,0.73,0.86,,
Ceilings,19,Ceilings - Armstrong Microlook Parallel,0.17,0.28,0.35,0.53,0.57,,
Ceilings,20,Ceilings - Armstrong Microlook Image,0.17,0.21,0.22,0.34,0.47,,
Ceilings,21,Ceilings - Armstrong Microlook Format,0.26,0.38,0.45,0.58,0.57,,
Ceilings,22,Ceilings - Armstrong Microlook Reseau,0.23,0.34,0.39,0.52,0.56,,
Ceilings,23,Ceilings - Armstrong Microlook Disc,0.23,0.39,0.49,0.61,0.68,,
Ceilings,24,Ceilings - Armstrong Microlook Gleis,0.18,0.21,0.19,0.32,0.51,,
Ceilings,25,Ceilings - Armstrong Microlook Dune,0.11,0.1,0.07,0.17,0.27,,
Ceilings,26,Ceilings - Armstrong Perspective Munster,0.24,0.35,0.45,0.59,0.84,,
Ceilings,27,Ceilings - Armstrong Perspective Venezia,0.24,0.35,0.45,0.59,0.84,,
Ceilings,28,Ceilings - Armstrong 2nd look Cortega,0.28,0.4,0.56,0.74,0.95,,
Ceilings,29,Ceilings - Armstrong 2nd look Textured,0.29,0.33,0.5,0.69,0.82,,
Ceilings,30,Ceilings - Armstrong 2nd look Sanserra,0.44,0.54,0.72,0.89,1,,
Ceilings,31,Ceilings - Armstrong Minalok Fissured,0.2,0.39,0.54,0.68,0.76,,
Ceilings,32,Ceilings - Armstrong Minalok Cortega,0.28,0.4,0.56,0.74,0.95,,
Ceilings,33,Ceilings - Armstrong Minalok Minatex,0.29,0.33,0.5,0.69,0.82,,
Ceilings,34,Ceilings - Armstrong Ceramaguard,0.28,0.46,0.71,0.86,0.93,,
Ceilings,35,Ceilings - Armstrong Armatuft,0.37,0.66,0.68,0.61,0.55,,
Ceilings,36,Ceilings - Armstrong ML board perforated,0.24,0.39,0.57,0.65,0.67,,
Ceilings,37,Ceilings - Armstrong Travertone Sanserra,0.44,0.54,0.72,0.89,1,,
Ceilings,38,Ceilings - Armstrong Travertone Highspire,0.5,0.59,0.8,0.94,1,,
Ceilings,39,Ceilings - Armstrong Soft look,0.47,0.53,0.83,0.86,0.85,,
Ceilings,40,Ceilings - Armstrong Soundsoak,0.37,0.62,0.7,0.71,0.68,,
Ceilings,41,Ceilings - Armstrong Minaboard Adria,0.24,0.29,0.46,0.58,0.66,,
Ceilings,42,Ceilings - Armstrong Minaboard Alpina,0.27,0.43,0.49,0.55,0.47,,
Ceilings,43,Ceilings - Ecophon Gedina T,0.9,0.99,0.9,0.99,0.95,,
Ceilings,44,Ceilings - Ecophon Gedina Festival,0.8,0.9,0.85,0.9,0.8,,
Ceilings,45,Ceilings - Ecophon Gedina Bas,0.45,0.45,0.3,0.15,0.08,,
Ceilings,46,Ceilings - Ecophon Focus T,0.75,0.85,0.9,0.9,0.8,,
Ceilings,47,Ceilings - Ecophon Focus Festival,0.65,0.65,0.75,0.75,0.6,,
Ceilings,48,Ceilings - Ecophon Focus Bas,0.35,0.25,0.35,0.15,0.15,,
Ceilings,49,Ceilings - Ecophon Corridor T,0.85,0.95,0.9,0.95,0.9,,
Ceilings,50,Ceilings - Ecophon Corridor Festival,0.7,0.75,0.8,0.8,0.7,,
Ceilings,51,Ceilings - Ecophon Corridor Sabin/Amigo/Colora,0.85,0.95,0.9,0.95,0.9,,
Ceilings,52,Ceilings - Ecophon 40mm Piazza T,0.85,0.99,0.99,0.99,0.99,,
Ceilings,53,Ceilings - Ecophon 4omm Piazza Festival,0.85,0.95,0.9,0.9,0.75,,
Ceilings,54,Ceilings - Ecophon 40mm Hygiene,0.85,0.99,0.99,0.99,0.99,,
Ceilings,55,Ceilings - Ecophon 40mm Hygiene sealed,0.75,0.85,0.85,0.95,0.85,,
Ceilings,56,Ceilings - Ecophon 200mm Hygiene,0.8,0.8,0.85,0.9,0.8,,
Ceilings,57,Ceilings - Ecophon Focus RT,0.4,0.7,0.9,0.95,0.85,,
Ceilings,58,"Ceilings - Ecophon metal perforated, bagged",0.6,0.7,0.65,0.75,0.65,,
Ceilings,59,Ceilings - Treetex Vistacel - open cells,0.14,0.44,0.81,0.98,0.83,,
Ceilings,60,Ceilings - Treetex Vistacel cells and pads,0.3,0.46,0.8,0.99,0.94,,
Ceilings,61,Ceilings - Treetex Vistacel cells & 200mm m/w,0.9,0.92,0.99,0.99,0.9,,
Ceilings,62,Ceilings - Acoustic plaster on lath (big a/s),0.2,0.2,0.27,0.35,0.35,,
Ceilings,63,Ceilings - Acoustic plaster on solid,0.15,0.2,0.25,0.3,0.35,,
Ceilings,64,Ceilings - 12mm ply on 50 a/s on solid,0.2,0.15,0.1,0.1,0.1,,
Ceilings,65,Ceilings - 9mm p/board each side of 50 studs,0.15,0.1,0.05,0.04,0.05,,
Ceilings,66,Ceilings - 9mm p/board on 25 a/s on solid,0.15,0.1,0.05,0.04,0.05,,
Ceilings,67,Ceilings - 9mm p/board on 25 a/s + m/wool,0.2,0.15,0.1,0.1,0.08,,
Ceilings,68,Ceilings - 25mm m/wool on solid,0.35,0.7,0.85,0.9,0.9,,
Ceilings,69,Ceilings - 50mm m/wool on solid,0.45,0.7,0.85,0.9,0.9,,
Ceilings,70,Ceilings - 75mm m/wool on solid,0.5,0.75,0.85,0.9,0.9,,
Ceilings,71,Ceilings - 50mm m/wool on 50mm a/s on solid,0.75,0.8,0.85,0.9,0.9,,
Ceilings,72,Ceilings - 10% perf. h/board over 50mm m/wool,0.4,0.8,0.8,0.75,0.4,,
Ceilings,73,Ceilings - Profillia A (Venables),0.35,0.8,0.4,0.25,0.35,,
Ceilings,74,Ceilings - Profillia B (Venables),0.5,0.65,0.35,0.2,0.35,,
Ceilings,75,Ceilings - Steeltone (Venables),0.34,0.88,0.7,0.5,0.57,,
Ceilings,76,Ceilings - Silvatone (Venables),0.25,0.2,0.15,0.15,0.15,,
Ceilings,77,Ceilings - Woodacoustic C (Venables),0.72,0.54,0.42,0.63,0.51,,
Ceilings,78,Ceilings - Woodacoustic B (Venables),0.33,0.31,0.32,0.57,0.36,,
Ceilings,79,Ceilings - Woodacoustic A (Venables),0.35,0.4,0.6,0.85,0.55,,
Ceilings,80,Ceilings - Woodacoustic D (Venables),0.2,0.23,0.53,0.99,0.65,,
Ceilings,81,Ceilings - Woodacoustic E (Venables),0.07,0.05,0.01,0.06,0.06,,
Ceilings,82,Ceilings - Tonewood (Venables),0.35,0.8,0.7,0.55,0.55,,
Ceilings,83,Ceilings - Leather panel on 50mm m/wool on solid,0.25,0.15,0.1,0.1,0.1,,
Ceilings,84,Ceilings - Micropor H (Venables),0.18,0.39,0.9,0.83,0.64,,
Ceilings,85,Ceilings - Micropor S (Venables),0.4,0.4,0.4,0.35,0.45,,
Ceilings,86,Ceilings - Audex G  (Mandoval),0.35,0.4,0.55,0.7,0.7,,
Ceilings,87,Ceilings - 3mm perf on large a/s + m/wool,0.45,0.65,0.8,0.9,0.85,,
Ceilings,88,Ceilings - 25mm timber boards on a/s + m/wool,0.2,0.1,0.1,0.1,0.08,,
Ceilings,89,Ceilings - 19mm timber boards on a/s + m/wool,0.2,0.1,0.1,0.1,0.08,,
Ceilings,90,Ceilings - Insulated metal cladding (foam),0.2,0.1,0.08,0.08,0.05,,
Ceilings,91,Ceilings - Metal cladding,0.1,0.08,0.05,0.05,0.05,,
Ceilings,92,Ceilings - Plain steel ceiling planks,0.15,0.1,0.08,0.05,0.05,,
Ceilings,93,Ceilings - Ecophon RT Edge Detailed,0.4,0.65,0.9,0.95,0.85,,
Ceilings,94,Ceilings - Concrete,0.02,0.02,0.03,0.03,0.04,,
Ceilings,95,Ceilings - Vinyl or woodblock floor,0.03,0.03,0.04,0.05,0.05,,
Ceilings,96,Ceilings - Glazed tile or marble,0.02,0.02,0.02,0.02,0.02,,
Ceilings,97,Ceilings - Suspended timber floor (19mm a/s),0.2,0.1,0.1,0.1,0.08,,
Ceilings,98,Ceilings - Office grade carpet tile,0.15,0.25,0.3,0.4,0.4,,
Ceilings,99,Ceilings - Medium pile carpet & u/lay,0.15,0.3,0.5,0.65,0.7,,
Ceilings,100,Ceilings - Thick pile carpet & u/lay,0.25,0.5,0.6,0.7,0.7,,
Ceilings,101,Ceilings - 12mm ply on 50mm a/s + m/wool,0.2,0.15,0.1,0.1,0.1,,
Ceilings,102,Ceilings - 25mm timber panels on a/s + m/wool,0.2,0.1,0.1,0.1,0.08,,
Ceilings,103,Ceilings - 19mm timber panels on a/s + m/wool,0.2,0.1,0.1,0.1,0.08,,
Ceilings,104,Ceilings - Suspended timber floor (large a/s),0.25,0.15,0.1,0.1,0.1,,
Ceilings,105,Ceilings - Carpet on suspended timber floor,0.4,0.4,0.55,0.65,0.7,,
Ceilings,106,Ceilings - Plaster on lath (small a/s),0.08,0.05,0.05,0.04,0.04,,
Ceilings,107,Ceilings - Medium curtain (straight) on solid,0.1,0.15,0.2,0.25,0.3,,
Ceilings,108,Ceilings - Medium curtain (in folds) on solid,0.15,0.35,0.4,0.5,0.5,,
Ceilings,109,Ceilings - Audience in upholstered seat,0.4,0.46,0.46,0.51,0.46,,
Ceilings,110,Ceilings - Seat (empty) fully upholstered,0.22,0.28,0.3,0.32,0.37,,
Ceilings,111,Ceilings - Audience in wood or padded seat,0.35,0.4,0.4,0.44,0.4,,
Ceilings,112,Ceilings - Seat (empty) wood or padded,0.11,0.15,0.16,0.18,0.2,,
Ceilings,113,Ceilings - Timber bench / panels,0.15,0.1,0.08,0.06,0.06,,
Ceilings,114,Ceilings - People (unseated) each,0.35,0.4,0.4,0.4,0.4,,
Ceilings,115,Ceilings - Desks / cabinets each,0.15,0.1,0.08,0.05,0.05,,
Doors,116,Doors - 45mm solid door,0.1,0.08,0.08,0.08,0.08,,
Doors,117,Doors - 44mm flush door,0.15,0.1,0.08,0.08,0.08,,
Doors,118,Doors - Ecowood doors,0.6,0.4,0.2,0.1,0.1,,
Windows,119,Windows - Typical Windows,0.1,0.05,0.03,0.03,0.03,,
Windows,120,Windows - Window - up to 4mm glass,0.2,0.1,0.08,0.05,0.05,,
Windows,121,Windows - Window - > 6mm glass,0.07,0.04,0.02,0.02,0.02,,
Walls,122,Walls - Plaster on solid,0.04,0.04,0.05,0.04,0.05,,
Walls,123,Walls - Plaster on lath (Small a/s),0.08,0.05,0.05,0.04,0.04,,
Walls,124,Walls - Brickwork - fairfaced,0.04,0.02,0.04,0.05,0.05,,
Walls,125,Walls - Blockwork - fairfaced,0.3,0.6,0.5,0.45,0.4,,
Walls,126,Walls - Micropor S,0.4,0.4,0.4,0.35,0.45,,
Walls,127,Walls - Concrete,0.02,0.02,0.03,0.03,0.04,,
Walls,128,Walls - Edenhall Noisemaster pall / unpainted,0.8,0.67,0.51,0.45,0.42,,
Walls,129,Walls - Edenhall Noisemaster pall / painted,0.86,0.65,0.35,0.25,0.3,,
Walls,130,Walls - Edenhall Noisemaster Grey / unpainted,0.76,0.64,0.47,0.38,0.37,,
Walls,131,Walls - Edenhall Noisemaster Grey / painted,0.72,0.64,0.32,0.23,0.28,,
Walls,132,Walls - Acoustic plaster on solid,0.15,0.2,0.25,0.3,0.35,,
Walls,133,Walls - 12mm ply on 50 a/s + m/wool,0.2,0.15,0.1,0.1,0.1,,
Walls,134,Walls - 9mm p/b each side of 50 studs,0.15,0.1,0.05,0.04,0.05,,
Walls,135,Walls - 9mm p/b on 25 a/s on solid,0.15,0.1,0.05,0.04,0.05,,
Walls,136,Walls - 9mm p/b on 25 a/s + m/wool on solid,0.2,0.15,0.1,0.1,0.08,,
Walls,137,Walls - 25mm m/wool on solid,0.35,0.7,0.85,0.9,0.9,,
Walls,138,Walls - 50mm m/wool on solid,0.45,0.7,0.85,0.9,0.9,,
Walls,139,Walls - 75mm m/wool on solid,0.5,0.75,0.85,0.9,0.9,,
Walls,140,Walls - 50mm m/wool on 50 a/s on solid,0.75,0.85,0.9,0.9,0.9,,
Walls,141,Walls - 100mm m/wool on solid,0.92,1,1,1,1,,
Walls,142,Walls - 150mm m/wool on solid,0.9,1,1,1,1,,
Walls,143,Walls - 100mm m/wool on 100mm a/s on solid,0.95,1,1,1,1,,
Walls,144,Walls - 50mm m/wool + 10% perf h/board,0.4,0.8,0.8,0.75,0.4,,
Walls,145,Walls - Lignacoust (R.Graefe Ltd.),0.65,0.95,0.65,0.6,0.5,,
Walls,146,Walls - Profillia A (Venables),0.35,0.8,0.4,0.25,0.35,,
Walls,147,Walls - Profillia B (Venables),0.5,0.65,0.35,0.2,0.35,,
Walls,148,Walls - Steeltone (Venables),0.34,0.88,0.7,0.5,0.57,,
Walls,149,Walls - Silvatone (Venables),0.25,0.2,0.15,0.15,0.15,,
Walls,150,Walls - Woodacoustic C (Venables),0.72,0.54,0.42,0.63,0.51,,
Walls,151,Walls - Woodacoustic B (Venables),0.33,0.31,0.32,0.57,0.36,,
Walls,152,Walls - Woodacoustic A (Venables),0.35,0.4,0.6,0.85,0.55,,
Walls,153,Walls - Woodacoustic D (Venables),0.2,0.23,0.53,0.99,0.65,,
Walls,154,Walls - Woodacoustic E (Venables),0.07,0.05,0.01,0.06,0.06,,
Walls,155,Walls - Tonewood (Venables),0.35,0.8,0.7,0.55,0.55,,
Walls,156,Walls - Leather panel on 50mm m/wool on solid,0.25,0.15,0.1,0.1,0.1,,
Walls,157,Walls - Audex G acoustic plaster,0.35,0.4,0.55,0.7,0.7,,
Walls,158,Walls - 3mm perf h/board,0.45,0.65,0.8,0.9,0.85,,
Walls,159,Walls - 25mm timber boards on a/s + m/wool,0.2,0.1,0.1,0.1,0.08,,
Walls,160,Walls - 19mm timber boards on a/s + m/wool,0.2,0.1,0.1,0.1,0.08,,
Walls,161,Walls - Blockwork painted,0.2,0.3,0.3,0.25,0.2,,
Walls,162,Walls - Metal cladding (plain) on a/s,0.1,0.08,0.05,0.05,0.05,,
Walls,163,Walls - 6mm ply on 50 a/s + m/wool,0.15,0.1,0.08,0.05,0.05,,
Walls,164,Walls - Ecowood acoustic panel,0.2,0.4,0.35,0.2,0.15,,
Walls,165,Walls - 30mm Fabritrack,0.4,0.75,0.85,0.9,0.85,,
Walls,166,Walls - Lamaphon lining (foam),0.6,0.95,0.95,0.95,0.9,,
Walls,167,Walls - Soundsorba Decor Hanging Baffle,0.45,0.95,0.95,0.95,0.95,,
MASONRY WALLS,168,MASONRY WALLS - Rough concrete,0.03,0.03,0.03,0.04,0.07,,
MASONRY WALLS,169,MASONRY WALLS - Smooth unpainted concrete,0.01,0.02,0.02,0.02,0.05,,
MASONRY WALLS,170,"MASONRY WALLS - Smooth concrete, painted or glazed",0.01,0.01,0.02,0.02,0.02,,
MASONRY WALLS,171,MASONRY WALLS - Porous concrete blocks  (no surface finish),0.05,0.05,0.08,0.14,0.2,,
MASONRY WALLS,172,MASONRY WALLS - Clinker concrete  (no surface finish),0.2,0.4,0.6,0.5,0.6,,
MASONRY WALLS,173,MASONRY WALLS - Smooth brickwork with flush pointing,0.03,0.03,0.04,0.05,0.07,,
MASONRY WALLS,174,"MASONRY WALLS - Smooth brickwork with flush pointing, painted",0.01,0.02,0.02,0.02,0.02,,
MASONRY WALLS,175,MASONRY WALLS - Standard brickwork,0.04,0.02,0.04,0.05,0.05,,
MASONRY WALLS,176,"MASONRY WALLS - Brickwork, 10mm flush pointing",0.09,0.12,0.16,0.22,0.24,,
MASONRY WALLS,177,MASONRY WALLS - Lime cement plaster on masonry wall,0.02,0.03,0.04,0.05,0.05,,
MASONRY WALLS,178,MASONRY WALLS - Glaze plaster on masonry wall,0.01,0.01,0.02,0.02,0.02,,
MASONRY WALLS,179,MASONRY WALLS - Painted plaster surface on masonry wall,0.02,0.02,0.02,0.02,0.02,,
MASONRY WALLS,180,MASONRY WALLS - Plaster on masonry wall with wall paper on backing paper,0.03,0.04,0.05,0.07,0.08,,
MASONRY WALLS,181,MASONRY WALLS - Ceramic tiles with smooth surface,0.01,0.01,0.02,0.02,0.02,,
MASONRY WALLS,182,MASONRY WALLS - Breeze block,0.45,0.6,0.4,0.45,0.4,,
MASONRY WALLS,183,MASONRY WALLS - Plaster on solid wall,0.05,0.06,0.08,0.04,0.06,,
MASONRY WALLS,184,"MASONRY WALLS - Plaster, lime or gypsum on solid backing",0.03,0.02,0.03,0.04,0.05,,
STUDWORK AND LIGHTWEIGHT WALLS,,STUDWORK AND LIGHTWEIGHT WALLS - STUDWORK AND LIGHTWEIGHT WALLS,,,,,,,
STUDWORK AND LIGHTWEIGHT WALLS,185,"STUDWORK AND LIGHTWEIGHT WALLS - Plasterboard on battens, 18mm airspace with glass wool",0.2,0.15,0.05,0.05,0.05,,
STUDWORK AND LIGHTWEIGHT WALLS,186,"STUDWORK AND LIGHTWEIGHT WALLS - Plasterboard on frame, 100mm airspace",0.12,0.08,0.06,0.06,0.05,,
STUDWORK AND LIGHTWEIGHT WALLS,187,"STUDWORK AND LIGHTWEIGHT WALLS - Plasterboard on frame, 100mm airspace with glass wool",0.11,0.05,0.03,0.02,0.03,,
STUDWORK AND LIGHTWEIGHT WALLS,188,STUDWORK AND LIGHTWEIGHT WALLS - Plasterboard on 50mm battens,0.1,0.05,0.04,0.07,0.09,,
STUDWORK AND LIGHTWEIGHT WALLS,189,STUDWORK AND LIGHTWEIGHT WALLS - Plasterboard on 25mm battens,0.33,0.14,0.1,0.1,0.12,,
STUDWORK AND LIGHTWEIGHT WALLS,190,"STUDWORK AND LIGHTWEIGHT WALLS - 2 x plasterboard on frame, 50mm airspace with mineral wool",0.1,0.06,0.04,0.04,0.05,,
STUDWORK AND LIGHTWEIGHT WALLS,191,STUDWORK AND LIGHTWEIGHT WALLS - Plasterboard on cellular core partition,0,0.07,0,0.04,0.05,,
STUDWORK AND LIGHTWEIGHT WALLS,192,STUDWORK AND LIGHTWEIGHT WALLS - Plasterboard on frame 100mm cavity,0.11,0.05,0.03,0.02,0.03,,
STUDWORK AND LIGHTWEIGHT WALLS,193,"STUDWORK AND LIGHTWEIGHT WALLS - Plasterboard on frame, 100mm cavity with mineral wool",0.12,0.08,0.06,0.06,0.05,,
STUDWORK AND LIGHTWEIGHT WALLS,194,"STUDWORK AND LIGHTWEIGHT WALLS - 2 x 13mm plasterboard on steel frame, 50mm mineral wool in cavity, surface painted",0.01,0.06,0.04,0.04,0.05,,
GLASS AND GLAZING,195,GLASS AND GLAZING - 4mm glass,0.2,0.1,0.07,0.05,0.02,,
GLASS AND GLAZING,196,GLASS AND GLAZING - 6mm glass,0.06,0.04,0.03,0.02,0.02,,
GLASS AND GLAZING,197,"GLASS AND GLAZING - Double glazing, 2-3mm glass, 10mm air gap",0.05,0.03,0.03,0.02,0.02,,
WOOD AND WOOD PANELLING,198,"WOOD AND WOOD PANELLING - 3-4mm plywood, 75mm cavity containing mineral wool",0.3,0.1,0.05,0.05,0.05,,
WOOD AND WOOD PANELLING,199,"WOOD AND WOOD PANELLING - 5mm plywood on battens, 50mm airspace filled with glass wool",0.35,0.2,0.15,0.05,0.05,,
WOOD AND WOOD PANELLING,200,WOOD AND WOOD PANELLING - 12mm plywood over 50mm airgap,0.05,0.04,0.03,0.03,0.02,,
WOOD AND WOOD PANELLING,201,WOOD AND WOOD PANELLING - 12mm plywood over 150mm airgap,0.08,0.07,0.07,0.09,0.09,,
WOOD AND WOOD PANELLING,202,WOOD AND WOOD PANELLING - 12mm plywood over 200mm airgap containing 50mm mineral wool,0.1,0.1,0.08,0.1,0.08,,
WOOD AND WOOD PANELLING,203,WOOD AND WOOD PANELLING - Plywood mounted solidly,,0.05,,0.05,0.05,,
WOOD AND WOOD PANELLING,204,WOOD AND WOOD PANELLING - 12mm plywood in framework with 30mm airspace behind,0.2,0.15,0.1,0.05,0.05,,
WOOD AND WOOD PANELLING,205,WOOD AND WOOD PANELLING - 12mm plywood in framework with 30mm airspace containing glass wool,0.2,0.15,0.1,0.1,0.05,,
WOOD AND WOOD PANELLING,206,"WOOD AND WOOD PANELLING - Plywood, hardwood panels over 25mm airspace on solid backing",0.2,0.15,0.1,0.1,0.05,,
WOOD AND WOOD PANELLING,207,"WOOD AND WOOD PANELLING - Plywood, hardwood panels over 25mm airspace on solid backing with absorbent material in air space",0.25,0.15,0.1,0.1,0.05,,
WOOD AND WOOD PANELLING,208,WOOD AND WOOD PANELLING - 12mm wood panelling on 25mm battens,0.33,0.14,0.1,0.1,0.12,,
WOOD AND WOOD PANELLING,209,"WOOD AND WOOD PANELLING - Timber boards, 100mm wide, 10mm gaps, 500mm airspace with mineral wool",0.25,0.6,0.15,0.05,0.1,,
WOOD AND WOOD PANELLING,210,"WOOD AND WOOD PANELLING - t & g board on frame, 50mm airspace with mineral wool",0.15,0.1,0.09,0.08,0.07,,
WOOD AND WOOD PANELLING,211,WOOD AND WOOD PANELLING - 16-22mm t&g wood on 50mm cavity filled with mineral wool,0.15,0.1,0.09,0.08,0.07,,
WOOD AND WOOD PANELLING,212,"WOOD AND WOOD PANELLING - Cedar, slotted and profiled on battens mineral wool in airspace",0.62,0.98,0.62,0.21,0.15,,
WOOD AND WOOD PANELLING,213,WOOD AND WOOD PANELLING - Wood boards on on joists or battens,0.2,0.1,0.1,0.1,0.1,,
WOOD AND WOOD PANELLING,214,WOOD AND WOOD PANELLING - 20mm dense veneered chipboard over 100mm airgap,0.05,0.04,0.03,0.03,0.02,,
WOOD AND WOOD PANELLING,215,WOOD AND WOOD PANELLING - 20mm dense veneered chipboard over 200mm airgap,0.1,0.08,0.09,0.07,0.04,,
WOOD AND WOOD PANELLING,216,WOOD AND WOOD PANELLING - 20mm dense veneered chipboard over 250mm airgap containing 50mm mineral wool,0.1,0.08,0.07,0.1,0.08,,
WOOD AND WOOD PANELLING,217,"WOOD AND WOOD PANELLING - 6mm wood fibre board, cavity > 100mm, empty",0.2,0.2,0.1,0.05,0.05,,
WOOD AND WOOD PANELLING,218,"WOOD AND WOOD PANELLING - 22mm chipboard, 50mm cavity filled with mineral wool",0.04,0.06,0.05,0.05,0.05,,
WOOD AND WOOD PANELLING,219,WOOD AND WOOD PANELLING - Acoustic timber wall panelling,0.34,0.42,0.59,0.83,0.68,,
WOOD AND WOOD PANELLING,220,"WOOD AND WOOD PANELLING - Hardwood, mahogany",0.23,0.25,0.3,0.37,0.42,,
WOOD AND WOOD PANELLING,221,WOOD AND WOOD PANELLING - Chipboard on 16mm battens,0.25,0.2,0.2,0.15,0.2,,
WOOD AND WOOD PANELLING,222,"WOOD AND WOOD PANELLING - Chipboard on frame, 50mm airspace with mineral wool",0.04,0.06,0.05,0.05,0.05,,
MINERAL WOOL AND FOAMS,223,MINERAL WOOL AND FOAMS - Melamine based foam 25mm,0.22,0.54,0.76,0.88,0.93,,
MINERAL WOOL AND FOAMS,224,MINERAL WOOL AND FOAMS - Melamine based foam 50mm,0.56,0.96,1,1,1,,
MINERAL WOOL AND FOAMS,225,MINERAL WOOL AND FOAMS - Glass wool 25mm 16 kg/m3,0.28,0.55,0.71,0.74,0.83,,
MINERAL WOOL AND FOAMS,226,"MINERAL WOOL AND FOAMS - Glass wool 50mm, 16 kg/m3",0.45,0.8,0.89,0.97,0.94,,
MINERAL WOOL AND FOAMS,227,"MINERAL WOOL AND FOAMS - Glass wool 75mm, 16 kg/m3",0.69,0.94,1,1,1,,
MINERAL WOOL AND FOAMS,228,"MINERAL WOOL AND FOAMS - Glass wool 100mm, 16 kg/m3",0.86,1,1,1,1,,
MINERAL WOOL AND FOAMS,229,"MINERAL WOOL AND FOAMS - Glass wool 25mm, 24 kg/m3",0.32,0.56,0.77,0.89,0.91,,
MINERAL WOOL AND FOAMS,230,"MINERAL WOOL AND FOAMS - Glass wool 50mm, 24 kg/m3",0.54,0.94,1,0.96,0.96,,
MINERAL WOOL AND FOAMS,231,"MINERAL WOOL AND FOAMS - Glass wool 75mm, 24 kg/m3",0.79,1,1,1,1,,
MINERAL WOOL AND FOAMS,232,"MINERAL WOOL AND FOAMS - Glass wool 100mm, 24 kg/m3",1,1,1,1,1,,
MINERAL WOOL AND FOAMS,233,"MINERAL WOOL AND FOAMS - Glass wool 50mm, 33 kg/m3",0.55,1,1,1,1,,
MINERAL WOOL AND FOAMS,234,"MINERAL WOOL AND FOAMS - Glass wool 75mm, 33 kg/m3",0.85,1,1,1,1,,
MINERAL WOOL AND FOAMS,235,"MINERAL WOOL AND FOAMS - Glass wool 100mm, 33 kg/m3",0.92,1,1,1,1,,
MINERAL WOOL AND FOAMS,236,"MINERAL WOOL AND FOAMS - Glass wool 50mm, 48 kg/m3",0.8,1,1,1,1,,
MINERAL WOOL AND FOAMS,237,"MINERAL WOOL AND FOAMS - Glass wool 75mm, 48 kg/m3",0.97,1,1,1,1,,
MINERAL WOOL AND FOAMS,238,"MINERAL WOOL AND FOAMS - Glass wool 100mm, 48 kg/m3",1,1,1,1,1,,
MINERAL WOOL AND FOAMS,239,"MINERAL WOOL AND FOAMS - Rock wool 50mm, 33 kg/m3 direct to masonry ",0.6,0.9,0.9,0.9,0.85,,
MINERAL WOOL AND FOAMS,240,"MINERAL WOOL AND FOAMS - Rock wool 100mm, 33 kg/m3 direct to masonry ",0.95,0.98,0.92,0.9,0.85,,
MINERAL WOOL AND FOAMS,241,"MINERAL WOOL AND FOAMS - Rock wool 50mm, 60 kg/m3 direct to masonry ",0.6,0.96,0.94,0.92,0.82,,
MINERAL WOOL AND FOAMS,242,"MINERAL WOOL AND FOAMS - Rock wool 75mm, 60 kg/m3 direct to masonry ",0.95,0.98,0.82,0.87,0.86,,
MINERAL WOOL AND FOAMS,243,"MINERAL WOOL AND FOAMS - Rock wool 30mm, 100 kg/m3 direct to masonry ",0.4,0.8,0.9,0.9,0.9,,
MINERAL WOOL AND FOAMS,244,"MINERAL WOOL AND FOAMS - Rock wool 30mm, 200 kg/m3 over 300mm air gap ",0.75,0.9,0.8,0.9,0.85,,
MINERAL WOOL AND FOAMS,245,MINERAL WOOL AND FOAMS - Glass wool or mineral wool on solid backing,0,0.7,0,0.9,0.8,,
MINERAL WOOL AND FOAMS,246,MINERAL WOOL AND FOAMS - Glass wool or mineral wool on solid backing,0,0.8,0,0.95,0.9,,
MINERAL WOOL AND FOAMS,247,MINERAL WOOL AND FOAMS - Glass wool or mineral wool over air space on solid backing,0,0.8,0,0.9,0.8,,
MINERAL WOOL AND FOAMS,248,MINERAL WOOL AND FOAMS - Fibreglass super fine mat,0.4,0.75,0.85,0.8,0.85,,
MINERAL WOOL AND FOAMS,249,MINERAL WOOL AND FOAMS - Fibreglass scrim-covered sewn sheet,0.8,0.95,0.95,0.8,0.85,,
MINERAL WOOL AND FOAMS,250,MINERAL WOOL AND FOAMS - Fibreglass bitumen bonded mat,0.35,0.5,0.55,0.7,0.7,,
MINERAL WOOL AND FOAMS,251,MINERAL WOOL AND FOAMS - Fibreglass bitumen bonded mat,0.55,0.8,0.85,0.75,0.8,,
MINERAL WOOL AND FOAMS,252,MINERAL WOOL AND FOAMS - Fibreglass resin-bonded mat,0.35,0.55,0.65,0.75,0.8,,
MINERAL WOOL AND FOAMS,253,MINERAL WOOL AND FOAMS - Fibreglass resin-bonded mat,0.5,0.7,0.8,0.75,0.8,,
MINERAL WOOL AND FOAMS,254,MINERAL WOOL AND FOAMS - Fibreglass resin-bonded board,0.25,0.55,0.7,0.8,0.85,,
MINERAL WOOL AND FOAMS,255,MINERAL WOOL AND FOAMS - Flexible polyurethane foam 50mm,0.5,0.85,0.95,0.9,0.9,,
MINERAL WOOL AND FOAMS,256,MINERAL WOOL AND FOAMS - Rigid polyurethane foam 50mm,0.4,0.65,0.55,0.7,0.7,,
MINERAL WOOL AND FOAMS,257,MINERAL WOOL AND FOAMS - 12mm expanded polystyrene on 45mm battens,0.15,0.4,0.35,0.2,0.2,,
MINERAL WOOL AND FOAMS,258,MINERAL WOOL AND FOAMS - 25mm expanded polystyrene on 50mm battens,0.25,0.55,0.2,0.1,0.15,,
WALL TREATMENTS & CONSTRUCTIONS,259,WALL TREATMENTS & CONSTRUCTIONS - Cork tiles 25mm on solid backing,0.1,0.2,0.55,0.6,0.55,,
WALL TREATMENTS & CONSTRUCTIONS,260,"WALL TREATMENTS & CONSTRUCTIONS - Cork board, 25mm on solid backing",0.05,0.17,0.52,0.5,0.52,,
WALL TREATMENTS & CONSTRUCTIONS,261,"WALL TREATMENTS & CONSTRUCTIONS - Cork board, 25mm, 2.9kg/m2, on battens",0.4,0.65,0.35,0.35,0.3,,
WALL TREATMENTS & CONSTRUCTIONS,262,WALL TREATMENTS & CONSTRUCTIONS - Glass blocks or glazed tiles as wall finish,0,0.01,0,0.01,0.01,,
WALL TREATMENTS & CONSTRUCTIONS,263,WALL TREATMENTS & CONSTRUCTIONS - Muslin covered cotton felt,0.45,0.7,0.85,0.95,0.85,,
WALL TREATMENTS & CONSTRUCTIONS,264,WALL TREATMENTS & CONSTRUCTIONS - Pin up boarding- medium hardboard on solid backing,0,0.1,0,0.1,0.1,,
WALL TREATMENTS & CONSTRUCTIONS,265,WALL TREATMENTS & CONSTRUCTIONS - Fibreboard on solid backing,0.1,0.15,0.25,0.3,0.3,,
WALL TREATMENTS & CONSTRUCTIONS,266,"WALL TREATMENTS & CONSTRUCTIONS - 25mm thick hair felt, covered by scrim cloth on solid backing",0,0.7,0,0.8,0.8,,
WALL TREATMENTS & CONSTRUCTIONS,267,WALL TREATMENTS & CONSTRUCTIONS - Fibreboard on solid backing,0,0.15,0,0.3,0.3,,
WALL TREATMENTS & CONSTRUCTIONS,268,WALL TREATMENTS & CONSTRUCTIONS - Fibreboard on solid backing - painted,0,0.1,0,0.15,0.15,,
WALL TREATMENTS & CONSTRUCTIONS,269,WALL TREATMENTS & CONSTRUCTIONS - Fibreboard over airspace on solid wall,0,0.3,0,0.3,0.3,,
WALL TREATMENTS & CONSTRUCTIONS,270,WALL TREATMENTS & CONSTRUCTIONS - Fibreboard over airspace on solid wall - painted,0,0.15,0,0.1,0.1,,
WALL TREATMENTS & CONSTRUCTIONS,271,"WALL TREATMENTS & CONSTRUCTIONS - Plaster on lath, deep air space",0.15,0.1,0.05,0.05,0.05,,
WALL TREATMENTS & CONSTRUCTIONS,272,"WALL TREATMENTS & CONSTRUCTIONS - Plaster decorative panels, walls",0.15,0.1,0.08,0.04,0.02,,
WALL TREATMENTS & CONSTRUCTIONS,273,WALL TREATMENTS & CONSTRUCTIONS - Acoustic plaster to solid backing,0.15,0.5,0.8,0.85,0.8,,
WALL TREATMENTS & CONSTRUCTIONS,274,WALL TREATMENTS & CONSTRUCTIONS - 9mm acoustic plaster to solid backing,0.08,0.3,0.6,0.8,0.9,,
WALL TREATMENTS & CONSTRUCTIONS,275,"WALL TREATMENTS & CONSTRUCTIONS - 9mm acoustic plaster on plasterboard, 75mm airspace",0.3,0.6,0.8,0.75,0.75,,
WALL TREATMENTS & CONSTRUCTIONS,276,WALL TREATMENTS & CONSTRUCTIONS - 12.5mm acoustic plaster on plaster backing over 75mm air space,0.35,0.4,0.55,0.7,0.7,,
WALL TREATMENTS & CONSTRUCTIONS,277,"WALL TREATMENTS & CONSTRUCTIONS - Woodwool slabs, unplastered on solid backing",0,0.4,0,0.6,0.6,,
WALL TREATMENTS & CONSTRUCTIONS,278,"WALL TREATMENTS & CONSTRUCTIONS - Woodwool slabs, unplastered on solid backing",0.2,0.45,0.8,0.6,0.75,,
WALL TREATMENTS & CONSTRUCTIONS,279,"WALL TREATMENTS & CONSTRUCTIONS - Woodwool slabs, unplastered on solid backing",0,0.8,0,0.8,0.8,,
WALL TREATMENTS & CONSTRUCTIONS,280,"WALL TREATMENTS & CONSTRUCTIONS - Woodwool slabs, unplastered over 20mm airspace on solid backing",0,0.6,0,0.6,0.7,,
WALL TREATMENTS & CONSTRUCTIONS,281,WALL TREATMENTS & CONSTRUCTIONS - Plasterboard backed with 25mm thick bitumen-bonded fibreglass on 50mm battens,0.2,0.15,0.05,0.05,0.05,,
WALL TREATMENTS & CONSTRUCTIONS,282,WALL TREATMENTS & CONSTRUCTIONS - Curtains hung in folds against soild wall,0.15,0.35,0.4,0.5,0.5,,
WALL TREATMENTS & CONSTRUCTIONS,283,"WALL TREATMENTS & CONSTRUCTIONS - Cotton Curtains (0.5kg/m2),draped to 75% area approx. 130mm from wall",0.45,0.65,0.56,0.59,0.71,,
WALL TREATMENTS & CONSTRUCTIONS,284,WALL TREATMENTS & CONSTRUCTIONS - Lightweight curtains (0.2 kg/m2) hung 90mm from wall,0.06,0.39,0.63,0.7,0.73,,
WALL TREATMENTS & CONSTRUCTIONS,285,WALL TREATMENTS & CONSTRUCTIONS - Curtains of close-woven glass mat hung 50mm from wall,0.03,0.15,0.4,0.5,0.5,,
WALL TREATMENTS & CONSTRUCTIONS,286,"WALL TREATMENTS & CONSTRUCTIONS - Curtains, medium velour, 50% gather, over soild backing",0.25,0.4,0.5,0.6,0.5,,
WALL TREATMENTS & CONSTRUCTIONS,287,WALL TREATMENTS & CONSTRUCTIONS - Curtains (medium fabrics) hung straight and close to wall,0,0.25,0,0.3,0.4,,
WALL TREATMENTS & CONSTRUCTIONS,288,WALL TREATMENTS & CONSTRUCTIONS - Curtains in folds against wall,0.15,0.35,0.4,0.5,0.5,,
WALL TREATMENTS & CONSTRUCTIONS,289,WALL TREATMENTS & CONSTRUCTIONS - Curtains ( medium fabrics ) double widths in folds spaced away from wall,0,0.4,0,0.5,0.6,,
WALL TREATMENTS & CONSTRUCTIONS,290,"WALL TREATMENTS & CONSTRUCTIONS - Acoustic banner, 0.5 kg/m2 wool serge, 100mm from wall",0.4,0.7,0.74,0.88,0.89,,
FLOORS,291,FLOORS - Smooth marble or terrazzo slabs,0.01,0.01,0.01,0.02,0.02,,
FLOORS,292,"FLOORS - Raised computer floor, steel-faced 45mm chipboard 800mm above concrete floor, no carpet",0.07,0.06,0.07,0.08,0.08,,
FLOORS,293,"FLOORS - Raised computer floor, steel-faced 45mm chipboard 800mm above concrete floor, office-grade carpet tiles ",0.26,0.52,0.43,0.51,0.58,,
FLOORS,294,FLOORS - Wooden floor on joists,0.11,0.1,0.07,0.06,0.07,,
FLOORS,295,"FLOORS - Parquet fixed in asphalt, on concrete",0.04,0.07,0.06,0.06,0.07,,
FLOORS,296,FLOORS - Parquet on counterfloor,0.15,0.1,0.1,0.05,0.1,,
FLOORS,297,FLOORS - Linoleum or vinyl stuck to concrete,0.02,0.03,0.04,0.04,0.05,,
FLOORS,298,"FLOORS - Layer of rubber, cork, linoleum + underlay, or vinyl+underlay stuck to concrete",0.02,0.04,0.05,0.05,0.1,,
FLOORS,299,FLOORS - 5mm needle-felt stuck to concrete,0.02,0.05,0.15,0.3,0.4,,
FLOORS,300,FLOORS - 6mm pile carpet bonded to closed-cell foam underlay,0.09,0.25,0.31,0.33,0.44,,
FLOORS,301,FLOORS - 6mm pile carpet bonded to open-cell foam underlay,0.09,0.2,0.54,0.7,0.72,,
FLOORS,302,"FLOORS - 9mm pile carpet, tufted on felt underlay",0.08,0.3,0.6,0.75,0.8,,
FLOORS,303,FLOORS - Composition flooring,0.05,0.05,0.05,0.05,0.05,,
FLOORS,304,FLOORS - Haircord carpet on felt underlay,0.05,0.1,0.2,0.45,0.65,,
FLOORS,305,FLOORS - Medium pile carpet on sponge rubber underlay,0.1,0.3,0.5,0.65,0.7,,
FLOORS,306,FLOORS - Thick pile carpet on sponge rubber underlay,0.25,0.5,0.6,0.7,0.7,,
FLOORS,307,FLOORS - Rubber floor tiles,0.05,0.1,0.1,0.05,0.05,,
FLOORS,308,"FLOORS - Carpet, thin, over thin felt on concrete",0.15,0.25,0.3,0.3,0.3,,
FLOORS,309,"FLOORS - Carpet, thin, over thin felt on wood floor",0.25,0.3,0.3,0.3,0.3,,
FLOORS,310,"FLOORS - Carpet, needlepunch",0.05,0.05,0.25,0.35,0.5,,
FLOORS,311,"FLOORS - Stone floor, plain or tooled or granolithic finish",0,0.02,0,0.05,0.05,,
FLOORS,312,FLOORS - Corkfloor tiles,0.05,0.15,0.25,0.25,0,,
FLOORS,313,FLOORS - Sheet rubber ( hard ),0.05,0.05,0.1,0.05,0,,
FLOORS,314,FLOORS - Woodblock/linoleum/rubber/cork tiles (thin) on solid floor (or wall),0.04,0.05,0.05,0.1,0.05,,
FLOORS,315,"FLOORS - Floor tiles, plastic or linoleum",0,0.03,0,0.05,0.05,,
FLOORS,316,FLOORS - Steel decking,0.09,0.08,0.09,0.11,0.11,,
PANELS AND DOORS,317,PANELS AND DOORS - Wood hollowcore door,0.25,0.15,0.1,0.1,0.07,,
PANELS AND DOORS,318,PANELS AND DOORS - Solid door,0.1,0.06,0.08,0.1,0.1,,
PANELS AND DOORS,319,"PANELS AND DOORS - Acoustic door, steel frame, double seals, absorbant in airspace,",0.39,0.44,0.49,0.54,0.57,,
PANELS AND DOORS,320,PANELS AND DOORS - Double sheet steel skin.,,,,,,,
CEILINGS,321,"CEILINGS - Mineral wool tiles, 180mm airspace",0.72,0.83,0.88,0.89,0.8,,
CEILINGS,322,"CEILINGS - Mineral wool tiles, glued/screwed to soffit",0.4,0.75,0.95,0.96,0.83,,
CEILINGS,323,"CEILINGS - Gypsum plaster tiles, 17% perforated, 22mm mineral wool backing",0.7,0.8,0.8,0.65,0.45,,
CEILINGS,324,"CEILINGS - Under purlin lining profiled steel sheet (30% perforated), fleece layer and 180mm thick 23 Kg/m3 rockwool insulation.",0.11,0.17,0.4,0.44,0.4,,
CEILINGS,325,"CEILINGS - Perforated underside of structural steel decking (typical, depends on perforations)",0.7,0.85,0.9,0.7,0.65,,
CEILINGS,326,"CEILINGS - 12% perforated plaster tiles, absorbent felt glued to back, 200mm ceiling void",0.7,0.88,0.52,0.42,0.35,,
CEILINGS,327,"CEILINGS - 100mm woodwool slabs on 25mm cavity, pre-screeded surface facing cavity",0.75,0.85,0.65,0.7,0.7,,
CEILINGS,328,"CEILINGS - 50mm woodwool slabs on 25mm cavity, pre-screeded surface facing cavity",0.4,0.5,0.85,0.5,0.65,,
CEILINGS,329,"CEILINGS - 100mm woodwool fixed directly to concrete, pre-screeded surface facing backing",0.8,0.85,0.65,0.7,0.75,,
CEILINGS,330,"CEILINGS - 75mm woodwool fixed directly to concrete, pre-screeded surface facing backing",0.4,0.95,0.6,0.7,0.6,,
CEILINGS,331,CEILINGS - Plasterboard 10mm thick backed with 25mm thick bitumen,0.2,0.15,0.05,0.05,0.05,,
CEILINGS,332,"CEILINGS - Plasterboard 10mm thick, perforated 8mm diameter holes 2755m2 14% open area backed with 25mm thick bitumen- bonded fibreglass on 90mm battens",0.7,0.85,0.55,0.4,0.3,,
CEILINGS,333,"CEILINGS - Plywood, 5mm, on battens 50mm airspace filled with glass wool",0.35,0.2,0.15,0.05,0.05,,
CEILINGS,334,"CEILINGS - Plywood, 12mm, with 30mm thick fibreglass backing between 30mm battens",0.2,0.15,0.1,0.1,0.05,,
CEILINGS,335,CEILINGS - Plywood 12mm thick perforated 5mm diameter holes 6200 m2 11% open area with 60mm deep air space behind,0.35,0.55,0.3,0.25,0.3,,
CEILINGS,336,CEILINGS - Plywood 12mm thick perforated 5mm diameter holes 6200 m2 11% open area backed with 60mm thick fibreglass between mounting battens,0.9,0.8,0.5,0.4,0.3,,
CEILINGS,337,"CEILINGS - Hardboard, 25% perforated over 50mm mineral wool",0.87,1,1,0.98,0.96,,
CEILINGS,338,"CEILINGS - 0.8mm unperforated metal panels backed with 25mm thick resin bonded fibreglass, mounted on 22mm diameter pipes 135mm from wall.",0.35,0.15,0.05,0.05,0,,
CEILINGS,339,CEILINGS - 0.8mm perforated metal tiles 2mm diameter holes 29440/m2. 13% open area backed with 25mm thick resin-bonded fibreglass slab. No airspace.,0.3,0.6,0.75,0.8,0.8,,
CEILINGS,340,CEILINGS - 50mm mineral wool ( 96 kg/m3 ) behind 25% open area perforated steel.,0.35,0.65,0.85,0.9,0.8,,
CEILINGS,341,"CEILINGS - Wood panels, 18mm alternate 15mm slot & 35mm wooden slat",0.36,0.74,0.91,0.61,0.5,,
CEILINGS,342,"CEILINGS - 25mm rockwool backing, 32mm airspace behind",,,,,,,
CEILINGS,343,"CEILINGS - Plaster decorative panels, ceilings ",0.22,0.18,0.15,0.15,0.16,,
AUDIENCE AND SEATING,344,"AUDIENCE AND SEATING - Children, standing (per child) in m2 units",0.22,0.37,0.4,0.42,0.37,,
AUDIENCE AND SEATING,345,"AUDIENCE AND SEATING - Children, seated in plastic or metal chairs (per child) in m2 units",0,0.33,0,0.37,0.37,,
AUDIENCE AND SEATING,346,AUDIENCE AND SEATING - Students seated in tablet arm chairs,0.41,0.49,0.84,0.87,0.84,,
AUDIENCE AND SEATING,347,AUDIENCE AND SEATING - Adults per person seated,0.4,0.44,0.45,0.45,0.45,,
AUDIENCE AND SEATING,348,AUDIENCE AND SEATING - Adults per person standing,0.38,0.42,0.43,0.45,0.45,,
AUDIENCE AND SEATING,349,AUDIENCE AND SEATING - Empty plastic or metal chairs (per chair) in m2 units,0,0.14,0,0.14,0.14,,
AUDIENCE AND SEATING,350,"AUDIENCE AND SEATING - Seats, leather covers, per m2",0.5,0.58,0.61,0.58,0.5,,
AUDIENCE AND SEATING,351,"AUDIENCE AND SEATING - Cloth-upholstered seats, per m2 ",0.6,0.77,0.89,0.82,0.7,,
AUDIENCE AND SEATING,352,"AUDIENCE AND SEATING - Floor and cloth-upholstered seats, per m2",0.66,0.8,0.88,0.82,0.7,,
AUDIENCE AND SEATING,353,AUDIENCE AND SEATING - Adults in plastic and metal chairs in m2 units,0,0.4,0,0.43,0.4,,
AUDIENCE AND SEATING,354,AUDIENCE AND SEATING - Adults in wooden or padded chairs or seats (per item) in m2,0,0.4,0,0.44,0.4,,
AUDIENCE AND SEATING,355,"AUDIENCE AND SEATING - Adults on timber seats, 1 per m2 per item",0.24,0.56,0.69,0.81,0.78,,
AUDIENCE AND SEATING,356,"AUDIENCE AND SEATING - Adults on timber seats, 2 per m2 per item",0.4,0.78,0.98,0.96,0.87,,
AUDIENCE AND SEATING,357,AUDIENCE AND SEATING - Wooden or padded chairs or seats (per item) in m2,0,0.15,0,0.18,0.2,,
AUDIENCE AND SEATING,358,"AUDIENCE AND SEATING - Seating, slighty upholstered, unoccupied",0.12,0.26,0.42,0.5,0.55,,
AUDIENCE AND SEATING,359,"AUDIENCE AND SEATING - Seating, slighty upholstered, occupied",0.62,0.74,0.76,0.81,0.9,,
AUDIENCE AND SEATING,360,AUDIENCE AND SEATING - Fully upholstered seats (per item) in m2,0,0.28,0,0.32,0.37,,
AUDIENCE AND SEATING,361,"AUDIENCE AND SEATING - Upholstered tip-up theatre seats, empty",0.51,0.64,0.71,0.77,0.81,,
AUDIENCE AND SEATING,362,"AUDIENCE AND SEATING - Areas with audience, orchestra, or seats, including narrow aisles",0.74,0.88,0.96,0.93,0.85,,
AUDIENCE AND SEATING,363,"AUDIENCE AND SEATING - Auditorium seat, unoccupied",0.33,0.59,0.58,0.61,0.62,,
AUDIENCE AND SEATING,364,"AUDIENCE AND SEATING - Auditorium seat, occupied",0.48,0.68,0.73,0.77,0.74,,
AUDIENCE AND SEATING,365,"AUDIENCE AND SEATING - Orchestra with instruments on podium, 1.5 m2 per person",0.53,0.67,0.93,0.87,0.8,,
AUDIENCE AND SEATING,366,AUDIENCE AND SEATING - Orchestral player with instrument (average)  per person,0.8,1,1,1,1,,
AUDIENCE AND SEATING,367,AUDIENCE AND SEATING - Prosenium opening with average stage set per m2 of opening,0,0.3,0,0.4,0.5,,
AUDIENCE AND SEATING,368,AUDIENCE AND SEATING - Wood platform with large space beneath,0.3,0.2,0.17,0.15,0.1,,
AUDIENCE AND SEATING,369,AUDIENCE AND SEATING - Adult office furniture per desk,0.4,0.45,0.45,0.6,0.7,,
OTHER,370,"OTHER - Water surface, ie swimming pool",0.01,0.01,0.01,0.02,0.02,,
OTHER,371,OTHER - Ventilation grille per m2,0.6,0.6,0.6,0.6,0.6,,
USER,372,USER - Gyptone  Point 15 (Aw = 0.65),0.7,0.75,0.65,0.6,0.55,,
Absorber Class,400,Absorber Class - Class A Absorber,0.7,0.9,0.9,0.9,0.8,,
Absorber Class,401,Absorber Class - Class B Absorber,0.6,0.8,0.8,0.8,0.7,,
Absorber Class,402,Absorber Class - Class C Absorber,0.4,0.6,0.6,0.6,0.5,,
Absorber Class,403,Absorber Class - NRC 0.3 Absorber,0.1,0.3,0.3,0.3,0.2,,
Absorber Class,404,Absorber Class - NRC 0.4 Absorber,0.2,0.4,0.4,0.4,0.3,,
Absorber Class,405,Absorber Class - NRC 0.5 Absorber,0.3,0.5,0.5,0.5,0.4,,
Absorber Class,406,Absorber Class - NRC 0.6 Absorber,0.4,0.6,0.6,0.6,0.5,,
Absorber Class,407,Absorber Class - NRC 0.7 Absorber,0.5,0.7,0.7,0.7,0.6,,
Absorber Class,408,Absorber Class - NRC 0.8 Absorber,0.6,0.8,0.8,0.8,0.7,,
Absorber Class,409,Absorber Class - NRC 0.9 Absorber,0.7,0.9,0.9,0.9,0.8,,
Absorber Class,410,Absorber Class - Perf Metal ABS Estimate Absorber,0.4,0.8,0.8,0.8,0.5,,
Absorber Class,411,Absorber Class - Ecophon Wall Panel A Absorber,0.65,1,1,1,0.95,,
